dataset_id, dataset_IRI
144, http://www.gra.fo/schema/untitled-ekg#topio.another-company.169.VECTOR
145, http://www.gra.fo/schema/untitled-ekg#topio.another-company.170.TABULAR
146, http://www.gra.fo/schema/untitled-ekg#topio.another-company.171.VECTOR
147, http://www.gra.fo/schema/untitled-ekg#topio.another-company.172.VECTOR
148, http://www.gra.fo/schema/untitled-ekg#topio.another-company.174.SERVICE
149, http://www.gra.fo/schema/untitled-ekg#topio.another-company.175.SERVICE
150, http://www.gra.fo/schema/untitled-ekg#topio.another-company.176.VECTOR
151, http://www.gra.fo/schema/untitled-ekg#topio.another-company.177.VECTOR
152, http://www.gra.fo/schema/untitled-ekg#topio.another-company.178.SERVICE
153, http://www.gra.fo/schema/untitled-ekg#topio.another-company.179.VECTOR
154, http://www.gra.fo/schema/untitled-ekg#topio.another-company.180.TABULAR
155, http://www.gra.fo/schema/untitled-ekg#topio.another-company.181.TABULAR
156, http://www.gra.fo/schema/untitled-ekg#topio.another-company.182.VECTOR
157, http://www.gra.fo/schema/untitled-ekg#topio.another-company.183.VECTOR