dataset, Entity_ids, filename
https://data.inspire.gv.at/e76c1db4-69ee-4252-aa0e-c7a65cf069f9, 3392, "Grundwasserkörper, NGP 2009, Österreich.csv"
https://envi.data.gov.dk/5a1dc94d-ce2e-4748-886f-856eac807b37,	3403, "DK INSPIRE PF EU registry (2018).csv"
https://envi.data.gov.dk/a4e02855-614d-4321-b416-973ce52b423b,	3407, "DK INSPIRE PS Natura 2000 Habitat Areas.csv"
https://envi.data.gov.dk/6b42ee2a-180d-4ff0-bda3-abce510af572,	3405,"DK INSPIRE AM River Basin Districts WFD (2015 - 2021).csv"
https://data.georisques.fr/id/dataset/814ada90-c186-4a72-8c6e-d6d1c63e4a2f,	3388, "Etablissements Seveso - Martinique.csv"
https://data.georisques.fr/id/dataset/dbae92c9-93ce-41fe-9a66-8c4a0ce3a2d4,	3390,"Etablissements Seveso - Guyane.csv"
https://data.georisques.fr/id/dataset/14cf5199-0b70-4642-95ad-145d3f709d1a,	3386, "Etablissements Seveso - Réunion.csv"
https://registry.gdi-de.org/id/de.bund.uba.inspire.laerm/e4ea1d6c-a1b5-4154-a0d0-974e31b83324,	3512, "Basisdaten der Großflughäfen zur strategischen Lärmkartierung entsprechend der EU-Umgebungslärmrichtlinie 2002EG - 2017 (Datensatz).csv"
https://registry.gdi-de.org/id/de.bund.eba/VKWG,	3510,	"Verkehrsweg"
https://registry.gdi-de.org/id/de.bund.eba/SSW,	3508,	"Schallschutzwand.csv"
http://iip.wody.gov.pl/id/dataset/PL.ZIPGW.6440/LWB_2016,3176, "Lake water bodies.csv"
http://id.igeo.pt/cdg/b90874cd-3d50-423c-b8d2-1264ea87ef36,	3172,"Distribuição dos Habitats protegidos - Diretiva Habitats 2007-2012.csv"
http://id.igeo.pt/cdg/8CCD0E95-AE61-4A00-B64C-14A98B72537B,	3171, "Prevenção de Acidentes Graves - Estabelecimentos abrangidos: CGD INSPIRE"
t1896,	974, "Subnetz 13003, Straßenabschnitte und Eigenschaften, Verkehrsnetze, ÖVDAT.csv"
t1966, 1044
t2086, 1114,
t2111			
t2149			
t2200			
t2353			
t2403			
t2706			
t2777			
t2838			
t2916			
t2970			
t3031			
t3532			
t3970			
t4031			
t4079			
t4124			
t4174			
t4220			
t4272			
t4322			
t4360			
t4413			
t4457			
t4513			
t4582			
t4636			
t4874			
t5007			
t5095			
t5155			
t5210			
